wave_id,app_name,aws_region,aws_accountid,server_name,server_os_family,server_os_version,server_fqdn,server_tier,server_environment,subnet_IDs,securitygroup_IDs,subnet_IDs_test,securitygroup_IDs_test,instanceType,tenancy
1,Wordpress,us-east-1,875692608981,wordpress-web.onpremsim.env,linux,CentOS7,wordpress-web.onpremsim.env,web,prod,subnet-026c1e8f58f2d3288,sg-0c582b3a5cc2d90ce,subnet-026c1e8f58f2d3288,sg-030ab522aea78504f,t3.medium,Shared
1,Wordpress,us-east-1,875692608981,wordpress-db.onpremsim.env,linux,CentOS7,wordpress-db.onpremsim.env,db,prod,subnet-026c1e8f58f2d3288,sg-0c582b3a5cc2d90ce,subnet-026c1e8f58f2d3288,sg-030ab522aea78504f,t3.medium,Shared
1,OFBIZ,us-east-1,875692608981,ofbiz-web.onpremsim.env,linux,CentOS7,ofbiz-web.onpremsim.env,web,prod,subnet-026c1e8f58f2d3288,sg-0c582b3a5cc2d90ce,subnet-026c1e8f58f2d3288,sg-030ab522aea78504f,t3.medium,Shared
1,OFBIZ,us-east-1,875692608981,ofbiz-db.onpremsim.env,linux,CentOS7,ofbiz-db.onpremsim.env,db,prod,subnet-026c1e8f58f2d3288,sg-0c582b3a5cc2d90ce,subnet-026c1e8f58f2d3288,sg-030ab522aea78504f,t3.medium,Shared
2,Windows,us-east-1,875692608981,windows.onpremsim.env,windows,Windows 2019,windows.onpremsim.env,db,prod,subnet-026c1e8f58f2d3288,sg-0c582b3a5cc2d90ce,subnet-026c1e8f58f2d3288,sg-030ab522aea78504f,t3.medium,Shared
